<?xml version="1.0" encoding="UTF-8"?>
<BaliMessageLog>
    <Task name="Lattice_Synthesis">
        <Message>
            <ID>35002000</ID>
            <Severity>Info</Severity>
        </Message>
        <Message>
            <ID>35001399</ID>
            <Severity>Warning</Severity>
        </Message>
        <Message>
            <ID>35001766</ID>
            <Severity>Warning</Severity>
        </Message>
        <Message>
            <ID>35901875</ID>
            <Severity>Warning</Severity>
            <Dynamic>d:/ppu_reverse/fpga/lava_ppu_lite/rp2c02_lite.v(748):</Dynamic>
            <Dynamic>H_LINE23</Dynamic>
            <Navigation>d:/ppu_reverse/fpga/lava_ppu_lite/rp2c02_lite.v</Navigation>
            <Navigation>748</Navigation>
        </Message>
        <Message>
            <ID>35901875</ID>
            <Severity>Warning</Severity>
            <Dynamic>d:/ppu_reverse/fpga/lava_ppu_lite/rp2c02_lite.v(1120):</Dynamic>
            <Dynamic>THZ</Dynamic>
            <Navigation>d:/ppu_reverse/fpga/lava_ppu_lite/rp2c02_lite.v</Navigation>
            <Navigation>1120</Navigation>
        </Message>
        <Message>
            <ID>35901875</ID>
            <Severity>Warning</Severity>
            <Dynamic>d:/ppu_reverse/fpga/lava_ppu_lite/rp2c02_lite.v(1120):</Dynamic>
            <Dynamic>TVZB</Dynamic>
            <Navigation>d:/ppu_reverse/fpga/lava_ppu_lite/rp2c02_lite.v</Navigation>
            <Navigation>1120</Navigation>
        </Message>
        <Message>
            <ID>35901875</ID>
            <Severity>Warning</Severity>
            <Dynamic>d:/ppu_reverse/fpga/lava_ppu_lite/rp2c02_lite.v(1121):</Dynamic>
            <Dynamic>TVZ</Dynamic>
            <Navigation>d:/ppu_reverse/fpga/lava_ppu_lite/rp2c02_lite.v</Navigation>
            <Navigation>1121</Navigation>
        </Message>
        <Message>
            <ID>35901875</ID>
            <Severity>Warning</Severity>
            <Dynamic>d:/ppu_reverse/fpga/lava_ppu_lite/rp2c02_lite.v(1121):</Dynamic>
            <Dynamic>NTHC</Dynamic>
            <Navigation>d:/ppu_reverse/fpga/lava_ppu_lite/rp2c02_lite.v</Navigation>
            <Navigation>1121</Navigation>
        </Message>
        <Message>
            <ID>35901875</ID>
            <Severity>Warning</Severity>
            <Dynamic>d:/ppu_reverse/fpga/lava_ppu_lite/rp2c02_lite.v(1122):</Dynamic>
            <Dynamic>NTVC</Dynamic>
            <Navigation>d:/ppu_reverse/fpga/lava_ppu_lite/rp2c02_lite.v</Navigation>
            <Navigation>1122</Navigation>
        </Message>
        <Message>
            <ID>35901875</ID>
            <Severity>Warning</Severity>
            <Dynamic>d:/ppu_reverse/fpga/lava_ppu_lite/rp2c02_lite.v(1126):</Dynamic>
            <Dynamic>TVO</Dynamic>
            <Navigation>d:/ppu_reverse/fpga/lava_ppu_lite/rp2c02_lite.v</Navigation>
            <Navigation>1126</Navigation>
        </Message>
        <Message>
            <ID>35901875</ID>
            <Severity>Warning</Severity>
            <Dynamic>d:/ppu_reverse/fpga/lava_ppu_lite/rp2c02_lite.v(1126):</Dynamic>
            <Dynamic>TVO</Dynamic>
            <Navigation>d:/ppu_reverse/fpga/lava_ppu_lite/rp2c02_lite.v</Navigation>
            <Navigation>1126</Navigation>
        </Message>
        <Message>
            <ID>35901875</ID>
            <Severity>Warning</Severity>
            <Dynamic>d:/ppu_reverse/fpga/lava_ppu_lite/rp2c02_lite.v(1126):</Dynamic>
            <Dynamic>TVO</Dynamic>
            <Navigation>d:/ppu_reverse/fpga/lava_ppu_lite/rp2c02_lite.v</Navigation>
            <Navigation>1126</Navigation>
        </Message>
        <Message>
            <ID>35901875</ID>
            <Severity>Warning</Severity>
            <Dynamic>d:/ppu_reverse/fpga/lava_ppu_lite/rp2c02_lite.v(1126):</Dynamic>
            <Dynamic>TVO</Dynamic>
            <Navigation>d:/ppu_reverse/fpga/lava_ppu_lite/rp2c02_lite.v</Navigation>
            <Navigation>1126</Navigation>
        </Message>
        <Message>
            <ID>35901875</ID>
            <Severity>Warning</Severity>
            <Dynamic>d:/ppu_reverse/fpga/lava_ppu_lite/rp2c02_lite.v(1126):</Dynamic>
            <Dynamic>TVO</Dynamic>
            <Navigation>d:/ppu_reverse/fpga/lava_ppu_lite/rp2c02_lite.v</Navigation>
            <Navigation>1126</Navigation>
        </Message>
        <Message>
            <ID>35901875</ID>
            <Severity>Warning</Severity>
            <Dynamic>d:/ppu_reverse/fpga/lava_ppu_lite/rp2c02_lite.v(1127):</Dynamic>
            <Dynamic>TVO</Dynamic>
            <Navigation>d:/ppu_reverse/fpga/lava_ppu_lite/rp2c02_lite.v</Navigation>
            <Navigation>1127</Navigation>
        </Message>
        <Message>
            <ID>35901875</ID>
            <Severity>Warning</Severity>
            <Dynamic>d:/ppu_reverse/fpga/lava_ppu_lite/rp2c02_lite.v(1127):</Dynamic>
            <Dynamic>TVO</Dynamic>
            <Navigation>d:/ppu_reverse/fpga/lava_ppu_lite/rp2c02_lite.v</Navigation>
            <Navigation>1127</Navigation>
        </Message>
        <Message>
            <ID>35901875</ID>
            <Severity>Warning</Severity>
            <Dynamic>d:/ppu_reverse/fpga/lava_ppu_lite/rp2c02_lite.v(1127):</Dynamic>
            <Dynamic>TVO</Dynamic>
            <Navigation>d:/ppu_reverse/fpga/lava_ppu_lite/rp2c02_lite.v</Navigation>
            <Navigation>1127</Navigation>
        </Message>
        <Message>
            <ID>35901875</ID>
            <Severity>Warning</Severity>
            <Dynamic>d:/ppu_reverse/fpga/lava_ppu_lite/rp2c02_lite.v(1127):</Dynamic>
            <Dynamic>TVO</Dynamic>
            <Navigation>d:/ppu_reverse/fpga/lava_ppu_lite/rp2c02_lite.v</Navigation>
            <Navigation>1127</Navigation>
        </Message>
        <Message>
            <ID>35901875</ID>
            <Severity>Warning</Severity>
            <Dynamic>d:/ppu_reverse/fpga/lava_ppu_lite/rp2c02_lite.v(1127):</Dynamic>
            <Dynamic>TVO</Dynamic>
            <Navigation>d:/ppu_reverse/fpga/lava_ppu_lite/rp2c02_lite.v</Navigation>
            <Navigation>1127</Navigation>
        </Message>
        <Message>
            <ID>35901875</ID>
            <Severity>Warning</Severity>
            <Dynamic>d:/ppu_reverse/fpga/lava_ppu_lite/rp2c02_lite.v(1128):</Dynamic>
            <Dynamic>FVO</Dynamic>
            <Navigation>d:/ppu_reverse/fpga/lava_ppu_lite/rp2c02_lite.v</Navigation>
            <Navigation>1128</Navigation>
        </Message>
        <Message>
            <ID>35901875</ID>
            <Severity>Warning</Severity>
            <Dynamic>d:/ppu_reverse/fpga/lava_ppu_lite/rp2c02_lite.v(1128):</Dynamic>
            <Dynamic>FVO</Dynamic>
            <Navigation>d:/ppu_reverse/fpga/lava_ppu_lite/rp2c02_lite.v</Navigation>
            <Navigation>1128</Navigation>
        </Message>
        <Message>
            <ID>35901875</ID>
            <Severity>Warning</Severity>
            <Dynamic>d:/ppu_reverse/fpga/lava_ppu_lite/rp2c02_lite.v(1128):</Dynamic>
            <Dynamic>FVO</Dynamic>
            <Navigation>d:/ppu_reverse/fpga/lava_ppu_lite/rp2c02_lite.v</Navigation>
            <Navigation>1128</Navigation>
        </Message>
        <Message>
            <ID>35901018</ID>
            <Severity>Info</Severity>
            <Dynamic>d:/ppu_reverse/fpga/lava_ppu_lite/rp2c02_lite.v(35):</Dynamic>
            <Dynamic>RP2C02_LITE</Dynamic>
            <Navigation>d:/ppu_reverse/fpga/lava_ppu_lite/rp2c02_lite.v</Navigation>
            <Navigation>35</Navigation>
        </Message>
        <Message>
            <ID>35901018</ID>
            <Severity>Info</Severity>
            <Dynamic>d:/ppu_reverse/fpga/lava_ppu_lite/pll.v(8):</Dynamic>
            <Dynamic>PLL</Dynamic>
            <Navigation>d:/ppu_reverse/fpga/lava_ppu_lite/pll.v</Navigation>
            <Navigation>8</Navigation>
        </Message>
        <Message>
            <ID>35901018</ID>
            <Severity>Info</Severity>
            <Dynamic>C:/lscc/diamond/3.5/ispfpga/userware/NT/SYNTHESIS_HEADERS/machxo2.v(1124):</Dynamic>
            <Dynamic>VLO</Dynamic>
            <Navigation>C:/lscc/diamond/3.5/ispfpga/userware/NT/SYNTHESIS_HEADERS/machxo2.v</Navigation>
            <Navigation>1124</Navigation>
        </Message>
        <Message>
            <ID>35901018</ID>
            <Severity>Info</Severity>
            <Dynamic>C:/lscc/diamond/3.5/ispfpga/userware/NT/SYNTHESIS_HEADERS/machxo2.v(1730):</Dynamic>
            <Dynamic>EHXPLLJ(CLKFB_DIV=2,CLKOP_DIV=11,CLKOS_DIV=1,CLKOS2_DIV=1,CLKOS3_DIV=1,CLKOS_ENABLE=&quot;DISABLED&quot;,CLKOS2_ENABLE=&quot;DISABLED&quot;,CLKOS3_ENABLE=&quot;DISABLED&quot;,CLKOP_CPHASE=10,CLKOS_TRIM_POL=&quot;FALLING&quot;)</Dynamic>
            <Navigation>C:/lscc/diamond/3.5/ispfpga/userware/NT/SYNTHESIS_HEADERS/machxo2.v</Navigation>
            <Navigation>1730</Navigation>
        </Message>
        <Message>
            <ID>35901018</ID>
            <Severity>Info</Severity>
            <Dynamic>d:/ppu_reverse/fpga/lava_ppu_lite/rp2c02_lite.v(459):</Dynamic>
            <Dynamic>CLK_DIV</Dynamic>
            <Navigation>d:/ppu_reverse/fpga/lava_ppu_lite/rp2c02_lite.v</Navigation>
            <Navigation>459</Navigation>
        </Message>
        <Message>
            <ID>35901018</ID>
            <Severity>Info</Severity>
            <Dynamic>d:/ppu_reverse/fpga/lava_ppu_lite/rp2c02_lite.v(496):</Dynamic>
            <Dynamic>REGISTER_SELECT</Dynamic>
            <Navigation>d:/ppu_reverse/fpga/lava_ppu_lite/rp2c02_lite.v</Navigation>
            <Navigation>496</Navigation>
        </Message>
        <Message>
            <ID>35901018</ID>
            <Severity>Info</Severity>
            <Dynamic>d:/ppu_reverse/fpga/lava_ppu_lite/rp2c02_lite.v(555):</Dynamic>
            <Dynamic>REG2000_2001</Dynamic>
            <Navigation>d:/ppu_reverse/fpga/lava_ppu_lite/rp2c02_lite.v</Navigation>
            <Navigation>555</Navigation>
        </Message>
        <Message>
            <ID>35901018</ID>
            <Severity>Info</Severity>
            <Dynamic>d:/ppu_reverse/fpga/lava_ppu_lite/rp2c02_lite.v(626):</Dynamic>
            <Dynamic>READBUSMUX</Dynamic>
            <Navigation>d:/ppu_reverse/fpga/lava_ppu_lite/rp2c02_lite.v</Navigation>
            <Navigation>626</Navigation>
        </Message>
        <Message>
            <ID>35901018</ID>
            <Severity>Info</Severity>
            <Dynamic>d:/ppu_reverse/fpga/lava_ppu_lite/rp2c02_lite.v(665):</Dynamic>
            <Dynamic>TIMING_GENERATOR</Dynamic>
            <Navigation>d:/ppu_reverse/fpga/lava_ppu_lite/rp2c02_lite.v</Navigation>
            <Navigation>665</Navigation>
        </Message>
        <Message>
            <ID>35901018</ID>
            <Severity>Info</Severity>
            <Dynamic>d:/ppu_reverse/fpga/lava_ppu_lite/rp2c02_lite.v(883):</Dynamic>
            <Dynamic>ADDRESS_BUS_CONTROL</Dynamic>
            <Navigation>d:/ppu_reverse/fpga/lava_ppu_lite/rp2c02_lite.v</Navigation>
            <Navigation>883</Navigation>
        </Message>
        <Message>
            <ID>35901018</ID>
            <Severity>Info</Severity>
            <Dynamic>d:/ppu_reverse/fpga/lava_ppu_lite/rp2c02_lite.v(948):</Dynamic>
            <Dynamic>BG_COLOR</Dynamic>
            <Navigation>d:/ppu_reverse/fpga/lava_ppu_lite/rp2c02_lite.v</Navigation>
            <Navigation>948</Navigation>
        </Message>
        <Message>
            <ID>35901018</ID>
            <Severity>Info</Severity>
            <Dynamic>d:/ppu_reverse/fpga/lava_ppu_lite/rp2c02_lite.v(1539):</Dynamic>
            <Dynamic>SHIFTREG</Dynamic>
            <Navigation>d:/ppu_reverse/fpga/lava_ppu_lite/rp2c02_lite.v</Navigation>
            <Navigation>1539</Navigation>
        </Message>
        <Message>
            <ID>35901018</ID>
            <Severity>Info</Severity>
            <Dynamic>d:/ppu_reverse/fpga/lava_ppu_lite/rp2c02_lite.v(1047):</Dynamic>
            <Dynamic>PAR_GEN</Dynamic>
            <Navigation>d:/ppu_reverse/fpga/lava_ppu_lite/rp2c02_lite.v</Navigation>
            <Navigation>1047</Navigation>
        </Message>
        <Message>
            <ID>35901018</ID>
            <Severity>Info</Severity>
            <Dynamic>d:/ppu_reverse/fpga/lava_ppu_lite/rp2c02_lite.v(1716):</Dynamic>
            <Dynamic>COUNTER</Dynamic>
            <Navigation>d:/ppu_reverse/fpga/lava_ppu_lite/rp2c02_lite.v</Navigation>
            <Navigation>1716</Navigation>
        </Message>
        <Message>
            <ID>35901018</ID>
            <Severity>Info</Severity>
            <Dynamic>d:/ppu_reverse/fpga/lava_ppu_lite/rp2c02_lite.v(1208):</Dynamic>
            <Dynamic>OBJ_EVAL</Dynamic>
            <Navigation>d:/ppu_reverse/fpga/lava_ppu_lite/rp2c02_lite.v</Navigation>
            <Navigation>1208</Navigation>
        </Message>
        <Message>
            <ID>35901018</ID>
            <Severity>Info</Severity>
            <Dynamic>d:/ppu_reverse/fpga/lava_ppu_lite/rp2c02_lite.v(1270):</Dynamic>
            <Dynamic>OAM</Dynamic>
            <Navigation>d:/ppu_reverse/fpga/lava_ppu_lite/rp2c02_lite.v</Navigation>
            <Navigation>1270</Navigation>
        </Message>
        <Message>
            <ID>35901018</ID>
            <Severity>Info</Severity>
            <Dynamic>d:/ppu_reverse/fpga/lava_ppu_lite/rp2c02_lite.v(1742):</Dynamic>
            <Dynamic>OAM_COUNTER</Dynamic>
            <Navigation>d:/ppu_reverse/fpga/lava_ppu_lite/rp2c02_lite.v</Navigation>
            <Navigation>1742</Navigation>
        </Message>
        <Message>
            <ID>35901018</ID>
            <Severity>Info</Severity>
            <Dynamic>d:/ppu_reverse/fpga/lava_ppu_lite/oam_ram.v(8):</Dynamic>
            <Dynamic>OAM_RAM</Dynamic>
            <Navigation>d:/ppu_reverse/fpga/lava_ppu_lite/oam_ram.v</Navigation>
            <Navigation>8</Navigation>
        </Message>
        <Message>
            <ID>35901018</ID>
            <Severity>Info</Severity>
            <Dynamic>C:/lscc/diamond/3.5/ispfpga/userware/NT/SYNTHESIS_HEADERS/machxo2.v(1120):</Dynamic>
            <Dynamic>VHI</Dynamic>
            <Navigation>C:/lscc/diamond/3.5/ispfpga/userware/NT/SYNTHESIS_HEADERS/machxo2.v</Navigation>
            <Navigation>1120</Navigation>
        </Message>
        <Message>
            <ID>35901018</ID>
            <Severity>Info</Severity>
            <Dynamic>C:/lscc/diamond/3.5/ispfpga/userware/NT/SYNTHESIS_HEADERS/machxo2.v(1291):</Dynamic>
            <Dynamic>DP8KC(REGMODE_A=&quot;OUTREG&quot;,CSDECODE_B=&quot;0b111&quot;)</Dynamic>
            <Navigation>C:/lscc/diamond/3.5/ispfpga/userware/NT/SYNTHESIS_HEADERS/machxo2.v</Navigation>
            <Navigation>1291</Navigation>
        </Message>
        <Message>
            <ID>35901018</ID>
            <Severity>Info</Severity>
            <Dynamic>d:/ppu_reverse/fpga/lava_ppu_lite/oam2_ram.v(8):</Dynamic>
            <Dynamic>OAM2_RAM</Dynamic>
            <Navigation>d:/ppu_reverse/fpga/lava_ppu_lite/oam2_ram.v</Navigation>
            <Navigation>8</Navigation>
        </Message>
        <Message>
            <ID>35901018</ID>
            <Severity>Info</Severity>
            <Dynamic>d:/ppu_reverse/fpga/lava_ppu_lite/rp2c02_lite.v(1374):</Dynamic>
            <Dynamic>OBJ_FIFO</Dynamic>
            <Navigation>d:/ppu_reverse/fpga/lava_ppu_lite/rp2c02_lite.v</Navigation>
            <Navigation>1374</Navigation>
        </Message>
        <Message>
            <ID>35901018</ID>
            <Severity>Info</Severity>
            <Dynamic>d:/ppu_reverse/fpga/lava_ppu_lite/rp2c02_lite.v(1502):</Dynamic>
            <Dynamic>FIFO_HPOSCNT</Dynamic>
            <Navigation>d:/ppu_reverse/fpga/lava_ppu_lite/rp2c02_lite.v</Navigation>
            <Navigation>1502</Navigation>
        </Message>
        <Message>
            <ID>35901018</ID>
            <Severity>Info</Severity>
            <Dynamic>d:/ppu_reverse/fpga/lava_ppu_lite/rp2c02_lite.v(1565):</Dynamic>
            <Dynamic>VID_MUX</Dynamic>
            <Navigation>d:/ppu_reverse/fpga/lava_ppu_lite/rp2c02_lite.v</Navigation>
            <Navigation>1565</Navigation>
        </Message>
        <Message>
            <ID>35901018</ID>
            <Severity>Info</Severity>
            <Dynamic>d:/ppu_reverse/fpga/lava_ppu_lite/rp2c02_lite.v(1616):</Dynamic>
            <Dynamic>PALETTE</Dynamic>
            <Navigation>d:/ppu_reverse/fpga/lava_ppu_lite/rp2c02_lite.v</Navigation>
            <Navigation>1616</Navigation>
        </Message>
        <Message>
            <ID>35901018</ID>
            <Severity>Info</Severity>
            <Dynamic>d:/ppu_reverse/fpga/lava_ppu_lite/palette_ram.v(8):</Dynamic>
            <Dynamic>PALETTE_RAM</Dynamic>
            <Navigation>d:/ppu_reverse/fpga/lava_ppu_lite/palette_ram.v</Navigation>
            <Navigation>8</Navigation>
        </Message>
        <Message>
            <ID>35901018</ID>
            <Severity>Info</Severity>
            <Dynamic>C:/lscc/diamond/3.5/ispfpga/userware/NT/SYNTHESIS_HEADERS/machxo2.v(1291):</Dynamic>
            <Dynamic>DP8KC(CSDECODE_B=&quot;0b111&quot;,RESETMODE=&quot;ASYNC&quot;)</Dynamic>
            <Navigation>C:/lscc/diamond/3.5/ispfpga/userware/NT/SYNTHESIS_HEADERS/machxo2.v</Navigation>
            <Navigation>1291</Navigation>
        </Message>
        <Message>
            <ID>35901018</ID>
            <Severity>Info</Severity>
            <Dynamic>d:/ppu_reverse/fpga/lava_ppu_lite/palette_rgb_table.v(8):</Dynamic>
            <Dynamic>PALETTE_RGB_TABLE</Dynamic>
            <Navigation>d:/ppu_reverse/fpga/lava_ppu_lite/palette_rgb_table.v</Navigation>
            <Navigation>8</Navigation>
        </Message>
        <Message>
            <ID>35901018</ID>
            <Severity>Info</Severity>
            <Dynamic>C:/lscc/diamond/3.5/ispfpga/userware/NT/SYNTHESIS_HEADERS/machxo2.v(1291):</Dynamic>
            <Dynamic>DP8KC_renamed_due_excessive_length_1</Dynamic>
            <Navigation>C:/lscc/diamond/3.5/ispfpga/userware/NT/SYNTHESIS_HEADERS/machxo2.v</Navigation>
            <Navigation>1291</Navigation>
        </Message>
        <Message>
            <ID>35901018</ID>
            <Severity>Info</Severity>
            <Dynamic>C:/lscc/diamond/3.5/ispfpga/userware/NT/SYNTHESIS_HEADERS/machxo2.v(1291):</Dynamic>
            <Dynamic>DP8KC_renamed_due_excessive_length_2</Dynamic>
            <Navigation>C:/lscc/diamond/3.5/ispfpga/userware/NT/SYNTHESIS_HEADERS/machxo2.v</Navigation>
            <Navigation>1291</Navigation>
        </Message>
        <Message>
            <ID>35001699</ID>
            <Severity>Info</Severity>
            <Dynamic>\MOD_REGISTER_SELECT/RnWR_132</Dynamic>
            <Dynamic>IFS1P3DX</Dynamic>
        </Message>
        <Message>
            <ID>35001699</ID>
            <Severity>Info</Severity>
            <Dynamic>\MOD_REGISTER_SELECT/nDBER_133</Dynamic>
            <Dynamic>IFS1P3DX</Dynamic>
        </Message>
        <Message>
            <ID>35001699</ID>
            <Severity>Info</Severity>
            <Dynamic>\MOD_REGISTER_SELECT/DBIN_i0_i4</Dynamic>
            <Dynamic>IFS1P3DX</Dynamic>
        </Message>
        <Message>
            <ID>35001699</ID>
            <Severity>Info</Severity>
            <Dynamic>\MOD_REGISTER_SELECT/ADR_i0</Dynamic>
            <Dynamic>IFS1P3DX</Dynamic>
        </Message>
        <Message>
            <ID>35001699</ID>
            <Severity>Info</Severity>
            <Dynamic>\MOD_REGISTER_SELECT/ADR_i1</Dynamic>
            <Dynamic>IFS1P3DX</Dynamic>
        </Message>
        <Message>
            <ID>35001699</ID>
            <Severity>Info</Severity>
            <Dynamic>\MOD_REGISTER_SELECT/DBIN_i0_i0</Dynamic>
            <Dynamic>IFS1P3DX</Dynamic>
        </Message>
        <Message>
            <ID>35001699</ID>
            <Severity>Info</Severity>
            <Dynamic>\MOD_REGISTER_SELECT/DBIN_i0_i1</Dynamic>
            <Dynamic>IFS1P3DX</Dynamic>
        </Message>
        <Message>
            <ID>35001699</ID>
            <Severity>Info</Severity>
            <Dynamic>\MOD_READBUSMUX/PD_R__i1</Dynamic>
            <Dynamic>IFS1P3IX</Dynamic>
        </Message>
        <Message>
            <ID>35001699</ID>
            <Severity>Info</Severity>
            <Dynamic>\MOD_READBUSMUX/PD_R__i2</Dynamic>
            <Dynamic>IFS1P3IX</Dynamic>
        </Message>
        <Message>
            <ID>35001699</ID>
            <Severity>Info</Severity>
            <Dynamic>\MOD_READBUSMUX/PD_R__i3</Dynamic>
            <Dynamic>IFS1P3IX</Dynamic>
        </Message>
        <Message>
            <ID>35001699</ID>
            <Severity>Info</Severity>
            <Dynamic>\MOD_READBUSMUX/PD_R__i4</Dynamic>
            <Dynamic>IFS1P3IX</Dynamic>
        </Message>
        <Message>
            <ID>35001699</ID>
            <Severity>Info</Severity>
            <Dynamic>\MOD_READBUSMUX/PD_R__i5</Dynamic>
            <Dynamic>IFS1P3IX</Dynamic>
        </Message>
        <Message>
            <ID>35001699</ID>
            <Severity>Info</Severity>
            <Dynamic>\MOD_READBUSMUX/PD_R__i6</Dynamic>
            <Dynamic>IFS1P3IX</Dynamic>
        </Message>
        <Message>
            <ID>35001699</ID>
            <Severity>Info</Severity>
            <Dynamic>\MOD_READBUSMUX/PD_R__i7</Dynamic>
            <Dynamic>IFS1P3IX</Dynamic>
        </Message>
        <Message>
            <ID>35001699</ID>
            <Severity>Info</Severity>
            <Dynamic>\MOD_REGISTER_SELECT/DBIN_i0_i2</Dynamic>
            <Dynamic>IFS1P3DX</Dynamic>
        </Message>
        <Message>
            <ID>35001699</ID>
            <Severity>Info</Severity>
            <Dynamic>\MOD_REGISTER_SELECT/DBIN_i0_i3</Dynamic>
            <Dynamic>IFS1P3DX</Dynamic>
        </Message>
        <Message>
            <ID>35001699</ID>
            <Severity>Info</Severity>
            <Dynamic>\MOD_REGISTER_SELECT/DBIN_i0_i5</Dynamic>
            <Dynamic>IFS1P3DX</Dynamic>
        </Message>
        <Message>
            <ID>35001699</ID>
            <Severity>Info</Severity>
            <Dynamic>\MOD_REGISTER_SELECT/DBIN_i0_i6</Dynamic>
            <Dynamic>IFS1P3DX</Dynamic>
        </Message>
        <Message>
            <ID>35001699</ID>
            <Severity>Info</Severity>
            <Dynamic>\MOD_REGISTER_SELECT/DBIN_i0_i7</Dynamic>
            <Dynamic>IFS1P3DX</Dynamic>
        </Message>
        <Message>
            <ID>35001699</ID>
            <Severity>Info</Severity>
            <Dynamic>\MOD_READBUSMUX/PD_R__i0</Dynamic>
            <Dynamic>IFS1P3IX</Dynamic>
        </Message>
        <Message>
            <ID>35001699</ID>
            <Severity>Info</Severity>
            <Dynamic>\MOD_REGISTER_SELECT/ADR_i2</Dynamic>
            <Dynamic>IFS1P3DX</Dynamic>
        </Message>
    </Task>
    <Task name="PAR">
        <Message>
            <ID>62061014</ID>
            <Severity>Warning</Severity>
            <Dynamic>MCLK_c</Dynamic>
        </Message>
        <Message>
            <ID>66011008</ID>
            <Severity>Warning</Severity>
            <Dynamic>
   Signal=MOD_PALETTE_SWITCH/TICK loads=2 clock_loads=2</Dynamic>
        </Message>
        <Message>
            <ID>66011008</ID>
            <Severity>Warning</Severity>
            <Dynamic>
   Signal=MOD_PALETTE_SWITCH/TICK loads=2 clock_loads=2</Dynamic>
        </Message>
    </Task>
    <Task name="Translate">
        <Message>
            <ID>1166052</ID>
            <Severity>Warning</Severity>
            <Dynamic>logical</Dynamic>
            <Dynamic>MOD_PALETTE_SWITCH/V_DIV_s_0_COUT[5]</Dynamic>
            <Navigation>MOD_PALETTE_SWITCH/V_DIV_s_0_COUT[5]</Navigation>
        </Message>
        <Message>
            <ID>1166052</ID>
            <Severity>Warning</Severity>
            <Dynamic>logical</Dynamic>
            <Dynamic>MOD_PALETTE_SWITCH/V_DIV_s_0_S1[5]</Dynamic>
            <Navigation>MOD_PALETTE_SWITCH/V_DIV_s_0_S1[5]</Navigation>
        </Message>
        <Message>
            <ID>1166052</ID>
            <Severity>Warning</Severity>
            <Dynamic>logical</Dynamic>
            <Dynamic>MOD_PALETTE_SWITCH/V_DIV_cry_0_S0[0]</Dynamic>
            <Navigation>MOD_PALETTE_SWITCH/V_DIV_cry_0_S0[0]</Navigation>
        </Message>
        <Message>
            <ID>1166052</ID>
            <Severity>Warning</Severity>
            <Dynamic>logical</Dynamic>
            <Dynamic>MOD_PALETTE/un1_bi_0_s_7_0_COUT</Dynamic>
            <Navigation>MOD_PALETTE/un1_bi_0_s_7_0_COUT</Navigation>
        </Message>
        <Message>
            <ID>1166052</ID>
            <Severity>Warning</Severity>
            <Dynamic>logical</Dynamic>
            <Dynamic>MOD_PALETTE/un1_bi_0_s_7_0_S1</Dynamic>
            <Navigation>MOD_PALETTE/un1_bi_0_s_7_0_S1</Navigation>
        </Message>
        <Message>
            <ID>1166052</ID>
            <Severity>Warning</Severity>
            <Dynamic>logical</Dynamic>
            <Dynamic>MOD_PALETTE/un1_bi_0_cry_0_0_S0</Dynamic>
            <Navigation>MOD_PALETTE/un1_bi_0_cry_0_0_S0</Navigation>
        </Message>
        <Message>
            <ID>1166052</ID>
            <Severity>Warning</Severity>
            <Dynamic>logical</Dynamic>
            <Dynamic>MOD_PALETTE/un1_bi_5_cry_6_0_COUT</Dynamic>
            <Navigation>MOD_PALETTE/un1_bi_5_cry_6_0_COUT</Navigation>
        </Message>
        <Message>
            <ID>1166052</ID>
            <Severity>Warning</Severity>
            <Dynamic>logical</Dynamic>
            <Dynamic>MOD_PALETTE/un1_bi_5_cry_1_0_S0</Dynamic>
            <Navigation>MOD_PALETTE/un1_bi_5_cry_1_0_S0</Navigation>
        </Message>
        <Message>
            <ID>1166052</ID>
            <Severity>Warning</Severity>
            <Dynamic>logical</Dynamic>
            <Dynamic>MOD_PALETTE/un1_bi_5_cry_1_0_S1</Dynamic>
            <Navigation>MOD_PALETTE/un1_bi_5_cry_1_0_S1</Navigation>
        </Message>
        <Message>
            <ID>1166052</ID>
            <Severity>Warning</Severity>
            <Dynamic>logical</Dynamic>
            <Dynamic>MOD_PALETTE/go_10_s_7_0_COUT</Dynamic>
            <Navigation>MOD_PALETTE/go_10_s_7_0_COUT</Navigation>
        </Message>
        <Message>
            <ID>1166052</ID>
            <Severity>Warning</Severity>
            <Dynamic>logical</Dynamic>
            <Dynamic>MOD_PALETTE/go_10_s_7_0_S1</Dynamic>
            <Navigation>MOD_PALETTE/go_10_s_7_0_S1</Navigation>
        </Message>
        <Message>
            <ID>1166052</ID>
            <Severity>Warning</Severity>
            <Dynamic>logical</Dynamic>
            <Dynamic>MOD_PALETTE/go_10_cry_0_0_S0</Dynamic>
            <Navigation>MOD_PALETTE/go_10_cry_0_0_S0</Navigation>
        </Message>
        <Message>
            <ID>1166052</ID>
            <Severity>Warning</Severity>
            <Dynamic>logical</Dynamic>
            <Dynamic>MOD_PALETTE/ro_10_s_7_0_COUT</Dynamic>
            <Navigation>MOD_PALETTE/ro_10_s_7_0_COUT</Navigation>
        </Message>
        <Message>
            <ID>1166052</ID>
            <Severity>Warning</Severity>
            <Dynamic>logical</Dynamic>
            <Dynamic>MOD_PALETTE/ro_10_s_7_0_S1</Dynamic>
            <Navigation>MOD_PALETTE/ro_10_s_7_0_S1</Navigation>
        </Message>
        <Message>
            <ID>1166052</ID>
            <Severity>Warning</Severity>
            <Dynamic>logical</Dynamic>
            <Dynamic>MOD_PALETTE/ro_10_cry_0_0_S0</Dynamic>
            <Navigation>MOD_PALETTE/ro_10_cry_0_0_S0</Navigation>
        </Message>
        <Message>
            <ID>1166052</ID>
            <Severity>Warning</Severity>
            <Dynamic>logical</Dynamic>
            <Dynamic>MOD_OBJ_EVAL/OVS_s_7_0_COUT</Dynamic>
            <Navigation>MOD_OBJ_EVAL/OVS_s_7_0_COUT</Navigation>
        </Message>
        <Message>
            <ID>1166052</ID>
            <Severity>Warning</Severity>
            <Dynamic>logical</Dynamic>
            <Dynamic>MOD_OBJ_EVAL/OVS_s_7_0_S1</Dynamic>
            <Navigation>MOD_OBJ_EVAL/OVS_s_7_0_S1</Navigation>
        </Message>
        <Message>
            <ID>1166052</ID>
            <Severity>Warning</Severity>
            <Dynamic>logical</Dynamic>
            <Dynamic>MOD_OBJ_EVAL/OVS_cry_0_0_S0</Dynamic>
            <Navigation>MOD_OBJ_EVAL/OVS_cry_0_0_S0</Navigation>
        </Message>
        <Message>
            <ID>1166052</ID>
            <Severity>Warning</Severity>
            <Dynamic>logical</Dynamic>
            <Dynamic>MOD_OBJ_EVAL/OVS_cry_0_0_S1</Dynamic>
            <Navigation>MOD_OBJ_EVAL/OVS_cry_0_0_S1</Navigation>
        </Message>
        <Message>
            <ID>1163101</ID>
            <Severity>Warning</Severity>
            <Dynamic>19</Dynamic>
        </Message>
    </Task>
    <Task name="Synplify_Synthesis">
        <Message>
            <ID>2011000</ID>
            <Severity>Info</Severity>
        </Message>
        <Message>
            <ID>2019991</ID>
            <Severity>Warning</Severity>
            <Dynamic>CG532 :&quot;D:\SRC\LAVA_PPU_LITE\RP2C02_LITE.v&quot;:1793:0:1793:6|Initial statement will only initialize memories through the usage of $readmemh and $readmemb. Everything else is ignored</Dynamic>
            <Navigation>CG532</Navigation>
            <Navigation>D:\SRC\LAVA_PPU_LITE\RP2C02_LITE.v</Navigation>
            <Navigation>1793</Navigation>
            <Navigation>0</Navigation>
            <Navigation>1793</Navigation>
            <Navigation>6</Navigation>
            <Navigation>Initial statement will only initialize memories through the usage of $readmemh and $readmemb. Everything else is ignored</Navigation>
        </Message>
        <Message>
            <ID>2019991</ID>
            <Severity>Warning</Severity>
            <Dynamic>CL159 :&quot;D:\SRC\LAVA_PPU_LITE\RP2C02_LITE.v&quot;:1634:6:1634:10|Input nPCLK is unused</Dynamic>
            <Navigation>CL159</Navigation>
            <Navigation>D:\SRC\LAVA_PPU_LITE\RP2C02_LITE.v</Navigation>
            <Navigation>1634</Navigation>
            <Navigation>6</Navigation>
            <Navigation>1634</Navigation>
            <Navigation>10</Navigation>
            <Navigation>Input nPCLK is unused</Navigation>
        </Message>
        <Message>
            <ID>2019991</ID>
            <Severity>Warning</Severity>
            <Dynamic>BN132 :&quot;d:\src\lava_ppu_lite\rp2c02_lite.v&quot;:817:0:817:5|Removing sequential instance MOD_TIMING_GENERATOR.VC_LATCH,  because it is equivalent to instance MOD_TIMING_GENERATOR.RESCL_IN</Dynamic>
            <Navigation>BN132</Navigation>
            <Navigation>d:\src\lava_ppu_lite\rp2c02_lite.v</Navigation>
            <Navigation>817</Navigation>
            <Navigation>0</Navigation>
            <Navigation>817</Navigation>
            <Navigation>5</Navigation>
            <Navigation>Removing sequential instance MOD_TIMING_GENERATOR.VC_LATCH,  because it is equivalent to instance MOD_TIMING_GENERATOR.RESCL_IN</Navigation>
        </Message>
        <Message>
            <ID>2019991</ID>
            <Severity>Warning</Severity>
            <Dynamic>MT462 :&quot;d:\src\lava_ppu_lite\rp2c02_lite.v&quot;:1798:16:1798:21|Net MOD_PALETTE_SWITCH.TICK appears to be an unidentified clock source. Assuming default frequency.</Dynamic>
            <Navigation>MT462</Navigation>
            <Navigation>d:\src\lava_ppu_lite\rp2c02_lite.v</Navigation>
            <Navigation>1798</Navigation>
            <Navigation>16</Navigation>
            <Navigation>1798</Navigation>
            <Navigation>21</Navigation>
            <Navigation>Net MOD_PALETTE_SWITCH.TICK appears to be an unidentified clock source. Assuming default frequency. </Navigation>
        </Message>
        <Message>
            <ID>2019991</ID>
            <Severity>Warning</Severity>
            <Dynamic>MT531 :&quot;d:\src\lava_ppu_lite\rp2c02_lite.v&quot;:1803:0:1803:5|Found signal identified as System clock which controls 3 sequential elements including MOD_PALETTE_SWITCH.PALSEL[2:0].  Using this clock, which has no specified timing constraint, can prevent conversion of gated or generated clocks and can adversely impact design performance.</Dynamic>
            <Navigation>MT531</Navigation>
            <Navigation>d:\src\lava_ppu_lite\rp2c02_lite.v</Navigation>
            <Navigation>1803</Navigation>
            <Navigation>0</Navigation>
            <Navigation>1803</Navigation>
            <Navigation>5</Navigation>
            <Navigation>Found signal identified as System clock which controls 3 sequential elements including MOD_PALETTE_SWITCH.PALSEL[2:0].  Using this clock, which has no specified timing constraint, can prevent conversion of gated or generated clocks and can adversely impact design performance. </Navigation>
        </Message>
        <Message>
            <ID>2019991</ID>
            <Severity>Warning</Severity>
            <Dynamic>MT529 :&quot;d:\src\lava_ppu_lite\coder_ntsc_pal.v&quot;:107:0:107:5|Found inferred clock PLL|CLKOP_inferred_clock which controls 1060 sequential elements including MOD_CODER_NTSC_PAL.DIV[3:0]. This clock has no specified timing constraint which may prevent conversion of gated or generated clocks and may adversely impact design performance.</Dynamic>
            <Navigation>MT529</Navigation>
            <Navigation>d:\src\lava_ppu_lite\coder_ntsc_pal.v</Navigation>
            <Navigation>107</Navigation>
            <Navigation>0</Navigation>
            <Navigation>107</Navigation>
            <Navigation>5</Navigation>
            <Navigation>Found inferred clock PLL|CLKOP_inferred_clock which controls 1060 sequential elements including MOD_CODER_NTSC_PAL.DIV[3:0]. This clock has no specified timing constraint which may prevent conversion of gated or generated clocks and may adversely impact design performance. </Navigation>
        </Message>
        <Message>
            <ID>2019991</ID>
            <Severity>Warning</Severity>
            <Dynamic>MT529 :&quot;d:\src\lava_ppu_lite\rp2c02_lite.v&quot;:494:0:494:5|Found inferred clock RP2C02_LITE|MCLK which controls 9 sequential elements including MOD_CLK_DIV.PCLK_P[2:0]. This clock has no specified timing constraint which may prevent conversion of gated or generated clocks and may adversely impact design performance.</Dynamic>
            <Navigation>MT529</Navigation>
            <Navigation>d:\src\lava_ppu_lite\rp2c02_lite.v</Navigation>
            <Navigation>494</Navigation>
            <Navigation>0</Navigation>
            <Navigation>494</Navigation>
            <Navigation>5</Navigation>
            <Navigation>Found inferred clock RP2C02_LITE|MCLK which controls 9 sequential elements including MOD_CLK_DIV.PCLK_P[2:0]. This clock has no specified timing constraint which may prevent conversion of gated or generated clocks and may adversely impact design performance. </Navigation>
        </Message>
        <Message>
            <ID>2019991</ID>
            <Severity>Warning</Severity>
            <Dynamic>BN132 :&quot;d:\src\lava_ppu_lite\rp2c02_lite.v&quot;:1259:0:1259:5|Removing sequential instance MOD_OBJ_EVAL.OBLATCH[7:0],  because it is equivalent to instance MOD_READBUSMUX.OB_R[7:0]</Dynamic>
            <Navigation>BN132</Navigation>
            <Navigation>d:\src\lava_ppu_lite\rp2c02_lite.v</Navigation>
            <Navigation>1259</Navigation>
            <Navigation>0</Navigation>
            <Navigation>1259</Navigation>
            <Navigation>5</Navigation>
            <Navigation>Removing sequential instance MOD_OBJ_EVAL.OBLATCH[7:0],  because it is equivalent to instance MOD_READBUSMUX.OB_R[7:0]</Navigation>
        </Message>
        <Message>
            <ID>2019991</ID>
            <Severity>Warning</Severity>
            <Dynamic>MT462 :&quot;d:\src\lava_ppu_lite\rp2c02_lite.v&quot;:1798:16:1798:21|Net MOD_PALETTE_SWITCH.TICK appears to be an unidentified clock source. Assuming default frequency.</Dynamic>
            <Navigation>MT462</Navigation>
            <Navigation>d:\src\lava_ppu_lite\rp2c02_lite.v</Navigation>
            <Navigation>1798</Navigation>
            <Navigation>16</Navigation>
            <Navigation>1798</Navigation>
            <Navigation>21</Navigation>
            <Navigation>Net MOD_PALETTE_SWITCH.TICK appears to be an unidentified clock source. Assuming default frequency. </Navigation>
        </Message>
        <Message>
            <ID>2019991</ID>
            <Severity>Warning</Severity>
            <Dynamic>BN132 :&quot;d:\src\lava_ppu_lite\rp2c02_lite.v&quot;:1610:0:1610:5|Removing instance MOD_VID_MUX.THO_LATCH[1],  because it is equivalent to instance MOD_BG_COLOR.THO1R</Dynamic>
            <Navigation>BN132</Navigation>
            <Navigation>d:\src\lava_ppu_lite\rp2c02_lite.v</Navigation>
            <Navigation>1610</Navigation>
            <Navigation>0</Navigation>
            <Navigation>1610</Navigation>
            <Navigation>5</Navigation>
            <Navigation>Removing instance MOD_VID_MUX.THO_LATCH[1],  because it is equivalent to instance MOD_BG_COLOR.THO1R</Navigation>
        </Message>
        <Message>
            <ID>2019991</ID>
            <Severity>Warning</Severity>
            <Dynamic>BN132 :&quot;d:\src\lava_ppu_lite\rp2c02_lite.v&quot;:937:0:937:5|Removing instance MOD_ADDRESS_BUS_CONTROL.TSTEP_LATCH,  because it is equivalent to instance MOD_PALETTE.DB_PARR</Dynamic>
            <Navigation>BN132</Navigation>
            <Navigation>d:\src\lava_ppu_lite\rp2c02_lite.v</Navigation>
            <Navigation>937</Navigation>
            <Navigation>0</Navigation>
            <Navigation>937</Navigation>
            <Navigation>5</Navigation>
            <Navigation>Removing instance MOD_ADDRESS_BUS_CONTROL.TSTEP_LATCH,  because it is equivalent to instance MOD_PALETTE.DB_PARR</Navigation>
        </Message>
        <Message>
            <ID>2019991</ID>
            <Severity>Warning</Severity>
            <Dynamic>BN132 :&quot;d:\src\lava_ppu_lite\rp2c02_lite.v&quot;:1172:0:1172:5|Removing instance MOD_PAR_GEN.TAL_LATCH,  because it is equivalent to instance MOD_OBJ_EVAL.PD_FIFO2</Dynamic>
            <Navigation>BN132</Navigation>
            <Navigation>d:\src\lava_ppu_lite\rp2c02_lite.v</Navigation>
            <Navigation>1172</Navigation>
            <Navigation>0</Navigation>
            <Navigation>1172</Navigation>
            <Navigation>5</Navigation>
            <Navigation>Removing instance MOD_PAR_GEN.TAL_LATCH,  because it is equivalent to instance MOD_OBJ_EVAL.PD_FIFO2</Navigation>
        </Message>
        <Message>
            <ID>2019991</ID>
            <Severity>Warning</Severity>
            <Dynamic>MT462 :&quot;d:\src\lava_ppu_lite\rp2c02_lite.v&quot;:1798:16:1798:21|Net MOD_PALETTE_SWITCH.TICK appears to be an unidentified clock source. Assuming default frequency.</Dynamic>
            <Navigation>MT462</Navigation>
            <Navigation>d:\src\lava_ppu_lite\rp2c02_lite.v</Navigation>
            <Navigation>1798</Navigation>
            <Navigation>16</Navigation>
            <Navigation>1798</Navigation>
            <Navigation>21</Navigation>
            <Navigation>Net MOD_PALETTE_SWITCH.TICK appears to be an unidentified clock source. Assuming default frequency. </Navigation>
        </Message>
        <Message>
            <ID>2019991</ID>
            <Severity>Warning</Severity>
            <Dynamic>MT462 :&quot;d:\src\lava_ppu_lite\rp2c02_lite.v&quot;:1798:16:1798:21|Net MOD_PALETTE_SWITCH.TICK appears to be an unidentified clock source. Assuming default frequency.</Dynamic>
            <Navigation>MT462</Navigation>
            <Navigation>d:\src\lava_ppu_lite\rp2c02_lite.v</Navigation>
            <Navigation>1798</Navigation>
            <Navigation>16</Navigation>
            <Navigation>1798</Navigation>
            <Navigation>21</Navigation>
            <Navigation>Net MOD_PALETTE_SWITCH.TICK appears to be an unidentified clock source. Assuming default frequency. </Navigation>
        </Message>
        <Message>
            <ID>2019991</ID>
            <Severity>Warning</Severity>
            <Dynamic>MT246 :&quot;d:\src\lava_ppu_lite\pll.v&quot;:64:12:64:20|Blackbox EHXPLLJ is missing a user supplied timing model. This may have a negative effect on timing analysis and optimizations (Quality of Results)</Dynamic>
            <Navigation>MT246</Navigation>
            <Navigation>d:\src\lava_ppu_lite\pll.v</Navigation>
            <Navigation>64</Navigation>
            <Navigation>12</Navigation>
            <Navigation>64</Navigation>
            <Navigation>20</Navigation>
            <Navigation>Blackbox EHXPLLJ is missing a user supplied timing model. This may have a negative effect on timing analysis and optimizations (Quality of Results) </Navigation>
        </Message>
        <Message>
            <ID>2019993</ID>
            <Severity>Warning</Severity>
            <Dynamic>MT420 |Found inferred clock RP2C02_LITE|MCLK with period 23.26ns. Please declare a user-defined clock on object &quot;p:MCLK&quot;</Dynamic>
            <Navigation>MT420</Navigation>
            <Navigation>Found inferred clock RP2C02_LITE|MCLK with period 23.26ns. Please declare a user-defined clock on object &quot;p:MCLK&quot;</Navigation>
        </Message>
        <Message>
            <ID>2019993</ID>
            <Severity>Warning</Severity>
            <Dynamic>MT420 |Found inferred clock PLL|CLKOP_inferred_clock with period 23.26ns. Please declare a user-defined clock on object &quot;n:MOD_PLL.CLKOP&quot;</Dynamic>
            <Navigation>MT420</Navigation>
            <Navigation>Found inferred clock PLL|CLKOP_inferred_clock with period 23.26ns. Please declare a user-defined clock on object &quot;n:MOD_PLL.CLKOP&quot;</Navigation>
        </Message>
    </Task>
</BaliMessageLog>