<?xml version="1.0" encoding="UTF-8"?>
<BaliMessageLog>
    <Task name="Map">
        <Message>
            <ID>51001046</ID>
            <Severity>Warning</Severity>
            <Dynamic>PALSEL1</Dynamic>
        </Message>
    </Task>
    <Task name="Lattice_Synthesis">
        <Message>
            <ID>35002000</ID>
            <Severity>Info</Severity>
        </Message>
        <Message>
            <ID>35001399</ID>
            <Severity>Warning</Severity>
        </Message>
        <Message>
            <ID>35001766</ID>
            <Severity>Warning</Severity>
        </Message>
        <Message>
            <ID>35901875</ID>
            <Severity>Warning</Severity>
            <Dynamic>d:/radiosoft/video game/dendy/src/lava_ppu_lite/rp2c02_lite.v(748):</Dynamic>
            <Dynamic>H_LINE23</Dynamic>
            <Navigation>d:/radiosoft/video game/dendy/src/lava_ppu_lite/rp2c02_lite.v</Navigation>
            <Navigation>748</Navigation>
        </Message>
        <Message>
            <ID>35901875</ID>
            <Severity>Warning</Severity>
            <Dynamic>d:/radiosoft/video game/dendy/src/lava_ppu_lite/rp2c02_lite.v(1120):</Dynamic>
            <Dynamic>THZ</Dynamic>
            <Navigation>d:/radiosoft/video game/dendy/src/lava_ppu_lite/rp2c02_lite.v</Navigation>
            <Navigation>1120</Navigation>
        </Message>
        <Message>
            <ID>35901875</ID>
            <Severity>Warning</Severity>
            <Dynamic>d:/radiosoft/video game/dendy/src/lava_ppu_lite/rp2c02_lite.v(1120):</Dynamic>
            <Dynamic>TVZB</Dynamic>
            <Navigation>d:/radiosoft/video game/dendy/src/lava_ppu_lite/rp2c02_lite.v</Navigation>
            <Navigation>1120</Navigation>
        </Message>
        <Message>
            <ID>35901875</ID>
            <Severity>Warning</Severity>
            <Dynamic>d:/radiosoft/video game/dendy/src/lava_ppu_lite/rp2c02_lite.v(1121):</Dynamic>
            <Dynamic>TVZ</Dynamic>
            <Navigation>d:/radiosoft/video game/dendy/src/lava_ppu_lite/rp2c02_lite.v</Navigation>
            <Navigation>1121</Navigation>
        </Message>
        <Message>
            <ID>35901875</ID>
            <Severity>Warning</Severity>
            <Dynamic>d:/radiosoft/video game/dendy/src/lava_ppu_lite/rp2c02_lite.v(1121):</Dynamic>
            <Dynamic>NTHC</Dynamic>
            <Navigation>d:/radiosoft/video game/dendy/src/lava_ppu_lite/rp2c02_lite.v</Navigation>
            <Navigation>1121</Navigation>
        </Message>
        <Message>
            <ID>35901875</ID>
            <Severity>Warning</Severity>
            <Dynamic>d:/radiosoft/video game/dendy/src/lava_ppu_lite/rp2c02_lite.v(1122):</Dynamic>
            <Dynamic>NTVC</Dynamic>
            <Navigation>d:/radiosoft/video game/dendy/src/lava_ppu_lite/rp2c02_lite.v</Navigation>
            <Navigation>1122</Navigation>
        </Message>
        <Message>
            <ID>35901875</ID>
            <Severity>Warning</Severity>
            <Dynamic>d:/radiosoft/video game/dendy/src/lava_ppu_lite/rp2c02_lite.v(1126):</Dynamic>
            <Dynamic>TVO</Dynamic>
            <Navigation>d:/radiosoft/video game/dendy/src/lava_ppu_lite/rp2c02_lite.v</Navigation>
            <Navigation>1126</Navigation>
        </Message>
        <Message>
            <ID>35901875</ID>
            <Severity>Warning</Severity>
            <Dynamic>d:/radiosoft/video game/dendy/src/lava_ppu_lite/rp2c02_lite.v(1126):</Dynamic>
            <Dynamic>TVO</Dynamic>
            <Navigation>d:/radiosoft/video game/dendy/src/lava_ppu_lite/rp2c02_lite.v</Navigation>
            <Navigation>1126</Navigation>
        </Message>
        <Message>
            <ID>35901875</ID>
            <Severity>Warning</Severity>
            <Dynamic>d:/radiosoft/video game/dendy/src/lava_ppu_lite/rp2c02_lite.v(1126):</Dynamic>
            <Dynamic>TVO</Dynamic>
            <Navigation>d:/radiosoft/video game/dendy/src/lava_ppu_lite/rp2c02_lite.v</Navigation>
            <Navigation>1126</Navigation>
        </Message>
        <Message>
            <ID>35901875</ID>
            <Severity>Warning</Severity>
            <Dynamic>d:/radiosoft/video game/dendy/src/lava_ppu_lite/rp2c02_lite.v(1126):</Dynamic>
            <Dynamic>TVO</Dynamic>
            <Navigation>d:/radiosoft/video game/dendy/src/lava_ppu_lite/rp2c02_lite.v</Navigation>
            <Navigation>1126</Navigation>
        </Message>
        <Message>
            <ID>35901875</ID>
            <Severity>Warning</Severity>
            <Dynamic>d:/radiosoft/video game/dendy/src/lava_ppu_lite/rp2c02_lite.v(1126):</Dynamic>
            <Dynamic>TVO</Dynamic>
            <Navigation>d:/radiosoft/video game/dendy/src/lava_ppu_lite/rp2c02_lite.v</Navigation>
            <Navigation>1126</Navigation>
        </Message>
        <Message>
            <ID>35901875</ID>
            <Severity>Warning</Severity>
            <Dynamic>d:/radiosoft/video game/dendy/src/lava_ppu_lite/rp2c02_lite.v(1127):</Dynamic>
            <Dynamic>TVO</Dynamic>
            <Navigation>d:/radiosoft/video game/dendy/src/lava_ppu_lite/rp2c02_lite.v</Navigation>
            <Navigation>1127</Navigation>
        </Message>
        <Message>
            <ID>35901875</ID>
            <Severity>Warning</Severity>
            <Dynamic>d:/radiosoft/video game/dendy/src/lava_ppu_lite/rp2c02_lite.v(1127):</Dynamic>
            <Dynamic>TVO</Dynamic>
            <Navigation>d:/radiosoft/video game/dendy/src/lava_ppu_lite/rp2c02_lite.v</Navigation>
            <Navigation>1127</Navigation>
        </Message>
        <Message>
            <ID>35901875</ID>
            <Severity>Warning</Severity>
            <Dynamic>d:/radiosoft/video game/dendy/src/lava_ppu_lite/rp2c02_lite.v(1127):</Dynamic>
            <Dynamic>TVO</Dynamic>
            <Navigation>d:/radiosoft/video game/dendy/src/lava_ppu_lite/rp2c02_lite.v</Navigation>
            <Navigation>1127</Navigation>
        </Message>
        <Message>
            <ID>35901875</ID>
            <Severity>Warning</Severity>
            <Dynamic>d:/radiosoft/video game/dendy/src/lava_ppu_lite/rp2c02_lite.v(1127):</Dynamic>
            <Dynamic>TVO</Dynamic>
            <Navigation>d:/radiosoft/video game/dendy/src/lava_ppu_lite/rp2c02_lite.v</Navigation>
            <Navigation>1127</Navigation>
        </Message>
        <Message>
            <ID>35901875</ID>
            <Severity>Warning</Severity>
            <Dynamic>d:/radiosoft/video game/dendy/src/lava_ppu_lite/rp2c02_lite.v(1127):</Dynamic>
            <Dynamic>TVO</Dynamic>
            <Navigation>d:/radiosoft/video game/dendy/src/lava_ppu_lite/rp2c02_lite.v</Navigation>
            <Navigation>1127</Navigation>
        </Message>
        <Message>
            <ID>35901875</ID>
            <Severity>Warning</Severity>
            <Dynamic>d:/radiosoft/video game/dendy/src/lava_ppu_lite/rp2c02_lite.v(1128):</Dynamic>
            <Dynamic>FVO</Dynamic>
            <Navigation>d:/radiosoft/video game/dendy/src/lava_ppu_lite/rp2c02_lite.v</Navigation>
            <Navigation>1128</Navigation>
        </Message>
        <Message>
            <ID>35901875</ID>
            <Severity>Warning</Severity>
            <Dynamic>d:/radiosoft/video game/dendy/src/lava_ppu_lite/rp2c02_lite.v(1128):</Dynamic>
            <Dynamic>FVO</Dynamic>
            <Navigation>d:/radiosoft/video game/dendy/src/lava_ppu_lite/rp2c02_lite.v</Navigation>
            <Navigation>1128</Navigation>
        </Message>
        <Message>
            <ID>35901875</ID>
            <Severity>Warning</Severity>
            <Dynamic>d:/radiosoft/video game/dendy/src/lava_ppu_lite/rp2c02_lite.v(1128):</Dynamic>
            <Dynamic>FVO</Dynamic>
            <Navigation>d:/radiosoft/video game/dendy/src/lava_ppu_lite/rp2c02_lite.v</Navigation>
            <Navigation>1128</Navigation>
        </Message>
        <Message>
            <ID>35901018</ID>
            <Severity>Info</Severity>
            <Dynamic>d:/radiosoft/video game/dendy/src/lava_ppu_lite/rp2c02_lite.v(35):</Dynamic>
            <Dynamic>RP2C02_LITE</Dynamic>
            <Navigation>d:/radiosoft/video game/dendy/src/lava_ppu_lite/rp2c02_lite.v</Navigation>
            <Navigation>35</Navigation>
        </Message>
        <Message>
            <ID>35901018</ID>
            <Severity>Info</Severity>
            <Dynamic>d:/radiosoft/video game/dendy/src/lava_ppu_lite/pll.v(8):</Dynamic>
            <Dynamic>PLL</Dynamic>
            <Navigation>d:/radiosoft/video game/dendy/src/lava_ppu_lite/pll.v</Navigation>
            <Navigation>8</Navigation>
        </Message>
        <Message>
            <ID>35901018</ID>
            <Severity>Info</Severity>
            <Dynamic>C:/lscc/diamond/3.5/ispfpga/userware/NT/SYNTHESIS_HEADERS/machxo2.v(1124):</Dynamic>
            <Dynamic>VLO</Dynamic>
            <Navigation>C:/lscc/diamond/3.5/ispfpga/userware/NT/SYNTHESIS_HEADERS/machxo2.v</Navigation>
            <Navigation>1124</Navigation>
        </Message>
        <Message>
            <ID>35901018</ID>
            <Severity>Info</Severity>
            <Dynamic>C:/lscc/diamond/3.5/ispfpga/userware/NT/SYNTHESIS_HEADERS/machxo2.v(1730):</Dynamic>
            <Dynamic>EHXPLLJ(CLKFB_DIV=2,CLKOP_DIV=11,CLKOS_DIV=1,CLKOS2_DIV=1,CLKOS3_DIV=1,CLKOS_ENABLE=&quot;DISABLED&quot;,CLKOS2_ENABLE=&quot;DISABLED&quot;,CLKOS3_ENABLE=&quot;DISABLED&quot;,CLKOP_CPHASE=10,CLKOS_TRIM_POL=&quot;FALLING&quot;)</Dynamic>
            <Navigation>C:/lscc/diamond/3.5/ispfpga/userware/NT/SYNTHESIS_HEADERS/machxo2.v</Navigation>
            <Navigation>1730</Navigation>
        </Message>
        <Message>
            <ID>35901018</ID>
            <Severity>Info</Severity>
            <Dynamic>d:/radiosoft/video game/dendy/src/lava_ppu_lite/rp2c02_lite.v(459):</Dynamic>
            <Dynamic>CLK_DIV</Dynamic>
            <Navigation>d:/radiosoft/video game/dendy/src/lava_ppu_lite/rp2c02_lite.v</Navigation>
            <Navigation>459</Navigation>
        </Message>
        <Message>
            <ID>35901018</ID>
            <Severity>Info</Severity>
            <Dynamic>d:/radiosoft/video game/dendy/src/lava_ppu_lite/rp2c02_lite.v(496):</Dynamic>
            <Dynamic>REGISTER_SELECT</Dynamic>
            <Navigation>d:/radiosoft/video game/dendy/src/lava_ppu_lite/rp2c02_lite.v</Navigation>
            <Navigation>496</Navigation>
        </Message>
        <Message>
            <ID>35901018</ID>
            <Severity>Info</Severity>
            <Dynamic>d:/radiosoft/video game/dendy/src/lava_ppu_lite/rp2c02_lite.v(555):</Dynamic>
            <Dynamic>REG2000_2001</Dynamic>
            <Navigation>d:/radiosoft/video game/dendy/src/lava_ppu_lite/rp2c02_lite.v</Navigation>
            <Navigation>555</Navigation>
        </Message>
        <Message>
            <ID>35901018</ID>
            <Severity>Info</Severity>
            <Dynamic>d:/radiosoft/video game/dendy/src/lava_ppu_lite/rp2c02_lite.v(626):</Dynamic>
            <Dynamic>READBUSMUX</Dynamic>
            <Navigation>d:/radiosoft/video game/dendy/src/lava_ppu_lite/rp2c02_lite.v</Navigation>
            <Navigation>626</Navigation>
        </Message>
        <Message>
            <ID>35901018</ID>
            <Severity>Info</Severity>
            <Dynamic>d:/radiosoft/video game/dendy/src/lava_ppu_lite/rp2c02_lite.v(665):</Dynamic>
            <Dynamic>TIMING_GENERATOR</Dynamic>
            <Navigation>d:/radiosoft/video game/dendy/src/lava_ppu_lite/rp2c02_lite.v</Navigation>
            <Navigation>665</Navigation>
        </Message>
        <Message>
            <ID>35901018</ID>
            <Severity>Info</Severity>
            <Dynamic>d:/radiosoft/video game/dendy/src/lava_ppu_lite/rp2c02_lite.v(883):</Dynamic>
            <Dynamic>ADDRESS_BUS_CONTROL</Dynamic>
            <Navigation>d:/radiosoft/video game/dendy/src/lava_ppu_lite/rp2c02_lite.v</Navigation>
            <Navigation>883</Navigation>
        </Message>
        <Message>
            <ID>35901018</ID>
            <Severity>Info</Severity>
            <Dynamic>d:/radiosoft/video game/dendy/src/lava_ppu_lite/rp2c02_lite.v(948):</Dynamic>
            <Dynamic>BG_COLOR</Dynamic>
            <Navigation>d:/radiosoft/video game/dendy/src/lava_ppu_lite/rp2c02_lite.v</Navigation>
            <Navigation>948</Navigation>
        </Message>
        <Message>
            <ID>35901018</ID>
            <Severity>Info</Severity>
            <Dynamic>d:/radiosoft/video game/dendy/src/lava_ppu_lite/rp2c02_lite.v(1541):</Dynamic>
            <Dynamic>SHIFTREG</Dynamic>
            <Navigation>d:/radiosoft/video game/dendy/src/lava_ppu_lite/rp2c02_lite.v</Navigation>
            <Navigation>1541</Navigation>
        </Message>
        <Message>
            <ID>35901018</ID>
            <Severity>Info</Severity>
            <Dynamic>d:/radiosoft/video game/dendy/src/lava_ppu_lite/rp2c02_lite.v(1047):</Dynamic>
            <Dynamic>PAR_GEN</Dynamic>
            <Navigation>d:/radiosoft/video game/dendy/src/lava_ppu_lite/rp2c02_lite.v</Navigation>
            <Navigation>1047</Navigation>
        </Message>
        <Message>
            <ID>35901018</ID>
            <Severity>Info</Severity>
            <Dynamic>d:/radiosoft/video game/dendy/src/lava_ppu_lite/rp2c02_lite.v(1718):</Dynamic>
            <Dynamic>COUNTER</Dynamic>
            <Navigation>d:/radiosoft/video game/dendy/src/lava_ppu_lite/rp2c02_lite.v</Navigation>
            <Navigation>1718</Navigation>
        </Message>
        <Message>
            <ID>35901018</ID>
            <Severity>Info</Severity>
            <Dynamic>d:/radiosoft/video game/dendy/src/lava_ppu_lite/rp2c02_lite.v(1208):</Dynamic>
            <Dynamic>OBJ_EVAL</Dynamic>
            <Navigation>d:/radiosoft/video game/dendy/src/lava_ppu_lite/rp2c02_lite.v</Navigation>
            <Navigation>1208</Navigation>
        </Message>
        <Message>
            <ID>35901018</ID>
            <Severity>Info</Severity>
            <Dynamic>d:/radiosoft/video game/dendy/src/lava_ppu_lite/subst.v(8):</Dynamic>
            <Dynamic>SUBST</Dynamic>
            <Navigation>d:/radiosoft/video game/dendy/src/lava_ppu_lite/subst.v</Navigation>
            <Navigation>8</Navigation>
        </Message>
        <Message>
            <ID>35901018</ID>
            <Severity>Info</Severity>
            <Dynamic>C:/lscc/diamond/3.5/ispfpga/userware/NT/SYNTHESIS_HEADERS/machxo2.v(138):</Dynamic>
            <Dynamic>FADD2B</Dynamic>
            <Navigation>C:/lscc/diamond/3.5/ispfpga/userware/NT/SYNTHESIS_HEADERS/machxo2.v</Navigation>
            <Navigation>138</Navigation>
        </Message>
        <Message>
            <ID>35901018</ID>
            <Severity>Info</Severity>
            <Dynamic>C:/lscc/diamond/3.5/ispfpga/userware/NT/SYNTHESIS_HEADERS/machxo2.v(1120):</Dynamic>
            <Dynamic>VHI</Dynamic>
            <Navigation>C:/lscc/diamond/3.5/ispfpga/userware/NT/SYNTHESIS_HEADERS/machxo2.v</Navigation>
            <Navigation>1120</Navigation>
        </Message>
        <Message>
            <ID>35901018</ID>
            <Severity>Info</Severity>
            <Dynamic>C:/lscc/diamond/3.5/ispfpga/userware/NT/SYNTHESIS_HEADERS/machxo2.v(488):</Dynamic>
            <Dynamic>FSUB2B</Dynamic>
            <Navigation>C:/lscc/diamond/3.5/ispfpga/userware/NT/SYNTHESIS_HEADERS/machxo2.v</Navigation>
            <Navigation>488</Navigation>
        </Message>
        <Message>
            <ID>35901018</ID>
            <Severity>Info</Severity>
            <Dynamic>d:/radiosoft/video game/dendy/src/lava_ppu_lite/rp2c02_lite.v(1272):</Dynamic>
            <Dynamic>OAM</Dynamic>
            <Navigation>d:/radiosoft/video game/dendy/src/lava_ppu_lite/rp2c02_lite.v</Navigation>
            <Navigation>1272</Navigation>
        </Message>
        <Message>
            <ID>35901018</ID>
            <Severity>Info</Severity>
            <Dynamic>d:/radiosoft/video game/dendy/src/lava_ppu_lite/rp2c02_lite.v(1744):</Dynamic>
            <Dynamic>OAM_COUNTER</Dynamic>
            <Navigation>d:/radiosoft/video game/dendy/src/lava_ppu_lite/rp2c02_lite.v</Navigation>
            <Navigation>1744</Navigation>
        </Message>
        <Message>
            <ID>35901018</ID>
            <Severity>Info</Severity>
            <Dynamic>d:/radiosoft/video game/dendy/src/lava_ppu_lite/oam_ram.v(8):</Dynamic>
            <Dynamic>OAM_RAM</Dynamic>
            <Navigation>d:/radiosoft/video game/dendy/src/lava_ppu_lite/oam_ram.v</Navigation>
            <Navigation>8</Navigation>
        </Message>
        <Message>
            <ID>35901018</ID>
            <Severity>Info</Severity>
            <Dynamic>C:/lscc/diamond/3.5/ispfpga/userware/NT/SYNTHESIS_HEADERS/machxo2.v(1291):</Dynamic>
            <Dynamic>DP8KC(REGMODE_A=&quot;OUTREG&quot;,CSDECODE_B=&quot;0b111&quot;)</Dynamic>
            <Navigation>C:/lscc/diamond/3.5/ispfpga/userware/NT/SYNTHESIS_HEADERS/machxo2.v</Navigation>
            <Navigation>1291</Navigation>
        </Message>
        <Message>
            <ID>35901018</ID>
            <Severity>Info</Severity>
            <Dynamic>d:/radiosoft/video game/dendy/src/lava_ppu_lite/oam2_ram.v(8):</Dynamic>
            <Dynamic>OAM2_RAM</Dynamic>
            <Navigation>d:/radiosoft/video game/dendy/src/lava_ppu_lite/oam2_ram.v</Navigation>
            <Navigation>8</Navigation>
        </Message>
        <Message>
            <ID>35901018</ID>
            <Severity>Info</Severity>
            <Dynamic>d:/radiosoft/video game/dendy/src/lava_ppu_lite/rp2c02_lite.v(1376):</Dynamic>
            <Dynamic>OBJ_FIFO</Dynamic>
            <Navigation>d:/radiosoft/video game/dendy/src/lava_ppu_lite/rp2c02_lite.v</Navigation>
            <Navigation>1376</Navigation>
        </Message>
        <Message>
            <ID>35901018</ID>
            <Severity>Info</Severity>
            <Dynamic>d:/radiosoft/video game/dendy/src/lava_ppu_lite/rp2c02_lite.v(1504):</Dynamic>
            <Dynamic>FIFO_HPOSCNT</Dynamic>
            <Navigation>d:/radiosoft/video game/dendy/src/lava_ppu_lite/rp2c02_lite.v</Navigation>
            <Navigation>1504</Navigation>
        </Message>
        <Message>
            <ID>35901018</ID>
            <Severity>Info</Severity>
            <Dynamic>d:/radiosoft/video game/dendy/src/lava_ppu_lite/rp2c02_lite.v(1567):</Dynamic>
            <Dynamic>VID_MUX</Dynamic>
            <Navigation>d:/radiosoft/video game/dendy/src/lava_ppu_lite/rp2c02_lite.v</Navigation>
            <Navigation>1567</Navigation>
        </Message>
        <Message>
            <ID>35901018</ID>
            <Severity>Info</Severity>
            <Dynamic>d:/radiosoft/video game/dendy/src/lava_ppu_lite/rp2c02_lite.v(1618):</Dynamic>
            <Dynamic>PALETTE</Dynamic>
            <Navigation>d:/radiosoft/video game/dendy/src/lava_ppu_lite/rp2c02_lite.v</Navigation>
            <Navigation>1618</Navigation>
        </Message>
        <Message>
            <ID>35901018</ID>
            <Severity>Info</Severity>
            <Dynamic>d:/radiosoft/video game/dendy/src/lava_ppu_lite/palette_ram.v(8):</Dynamic>
            <Dynamic>PALETTE_RAM</Dynamic>
            <Navigation>d:/radiosoft/video game/dendy/src/lava_ppu_lite/palette_ram.v</Navigation>
            <Navigation>8</Navigation>
        </Message>
        <Message>
            <ID>35901018</ID>
            <Severity>Info</Severity>
            <Dynamic>C:/lscc/diamond/3.5/ispfpga/userware/NT/SYNTHESIS_HEADERS/machxo2.v(1291):</Dynamic>
            <Dynamic>DP8KC(CSDECODE_B=&quot;0b111&quot;,RESETMODE=&quot;ASYNC&quot;)</Dynamic>
            <Navigation>C:/lscc/diamond/3.5/ispfpga/userware/NT/SYNTHESIS_HEADERS/machxo2.v</Navigation>
            <Navigation>1291</Navigation>
        </Message>
        <Message>
            <ID>35901018</ID>
            <Severity>Info</Severity>
            <Dynamic>d:/radiosoft/video game/dendy/src/lava_ppu_lite/palette_rgb_table.v(8):</Dynamic>
            <Dynamic>PALETTE_RGB_TABLE</Dynamic>
            <Navigation>d:/radiosoft/video game/dendy/src/lava_ppu_lite/palette_rgb_table.v</Navigation>
            <Navigation>8</Navigation>
        </Message>
        <Message>
            <ID>35901018</ID>
            <Severity>Info</Severity>
            <Dynamic>C:/lscc/diamond/3.5/ispfpga/userware/NT/SYNTHESIS_HEADERS/machxo2.v(1291):</Dynamic>
            <Dynamic>DP8KC_renamed_due_excessive_length_1</Dynamic>
            <Navigation>C:/lscc/diamond/3.5/ispfpga/userware/NT/SYNTHESIS_HEADERS/machxo2.v</Navigation>
            <Navigation>1291</Navigation>
        </Message>
        <Message>
            <ID>35901018</ID>
            <Severity>Info</Severity>
            <Dynamic>C:/lscc/diamond/3.5/ispfpga/userware/NT/SYNTHESIS_HEADERS/machxo2.v(1291):</Dynamic>
            <Dynamic>DP8KC_renamed_due_excessive_length_2</Dynamic>
            <Navigation>C:/lscc/diamond/3.5/ispfpga/userware/NT/SYNTHESIS_HEADERS/machxo2.v</Navigation>
            <Navigation>1291</Navigation>
        </Message>
        <Message>
            <ID>35001699</ID>
            <Severity>Info</Severity>
            <Dynamic>\MOD_REGISTER_SELECT/RnWR_132</Dynamic>
            <Dynamic>IFS1P3DX</Dynamic>
        </Message>
        <Message>
            <ID>35001699</ID>
            <Severity>Info</Severity>
            <Dynamic>\MOD_REGISTER_SELECT/nDBER_133</Dynamic>
            <Dynamic>IFS1P3DX</Dynamic>
        </Message>
        <Message>
            <ID>35001699</ID>
            <Severity>Info</Severity>
            <Dynamic>\MOD_REGISTER_SELECT/ADR_i0</Dynamic>
            <Dynamic>IFS1P3DX</Dynamic>
        </Message>
        <Message>
            <ID>35001699</ID>
            <Severity>Info</Severity>
            <Dynamic>\MOD_REGISTER_SELECT/ADR_i1</Dynamic>
            <Dynamic>IFS1P3DX</Dynamic>
        </Message>
        <Message>
            <ID>35001699</ID>
            <Severity>Info</Severity>
            <Dynamic>\MOD_REGISTER_SELECT/DBIN_i0_i0</Dynamic>
            <Dynamic>IFS1P3DX</Dynamic>
        </Message>
        <Message>
            <ID>35001699</ID>
            <Severity>Info</Severity>
            <Dynamic>\MOD_REGISTER_SELECT/DBIN_i0_i1</Dynamic>
            <Dynamic>IFS1P3DX</Dynamic>
        </Message>
        <Message>
            <ID>35001699</ID>
            <Severity>Info</Severity>
            <Dynamic>\MOD_READBUSMUX/PD_R__i1</Dynamic>
            <Dynamic>IFS1P3IX</Dynamic>
        </Message>
        <Message>
            <ID>35001699</ID>
            <Severity>Info</Severity>
            <Dynamic>\MOD_READBUSMUX/PD_R__i2</Dynamic>
            <Dynamic>IFS1P3IX</Dynamic>
        </Message>
        <Message>
            <ID>35001699</ID>
            <Severity>Info</Severity>
            <Dynamic>\MOD_READBUSMUX/PD_R__i3</Dynamic>
            <Dynamic>IFS1P3IX</Dynamic>
        </Message>
        <Message>
            <ID>35001699</ID>
            <Severity>Info</Severity>
            <Dynamic>\MOD_REGISTER_SELECT/DBIN_i0_i2</Dynamic>
            <Dynamic>IFS1P3DX</Dynamic>
        </Message>
        <Message>
            <ID>35001699</ID>
            <Severity>Info</Severity>
            <Dynamic>\MOD_REGISTER_SELECT/DBIN_i0_i3</Dynamic>
            <Dynamic>IFS1P3DX</Dynamic>
        </Message>
        <Message>
            <ID>35001699</ID>
            <Severity>Info</Severity>
            <Dynamic>\MOD_REGISTER_SELECT/DBIN_i0_i4</Dynamic>
            <Dynamic>IFS1P3DX</Dynamic>
        </Message>
        <Message>
            <ID>35001699</ID>
            <Severity>Info</Severity>
            <Dynamic>\MOD_REGISTER_SELECT/DBIN_i0_i5</Dynamic>
            <Dynamic>IFS1P3DX</Dynamic>
        </Message>
        <Message>
            <ID>35001699</ID>
            <Severity>Info</Severity>
            <Dynamic>\MOD_REGISTER_SELECT/DBIN_i0_i6</Dynamic>
            <Dynamic>IFS1P3DX</Dynamic>
        </Message>
        <Message>
            <ID>35001699</ID>
            <Severity>Info</Severity>
            <Dynamic>\MOD_REGISTER_SELECT/DBIN_i0_i7</Dynamic>
            <Dynamic>IFS1P3DX</Dynamic>
        </Message>
        <Message>
            <ID>35001699</ID>
            <Severity>Info</Severity>
            <Dynamic>\MOD_READBUSMUX/PD_R__i4</Dynamic>
            <Dynamic>IFS1P3IX</Dynamic>
        </Message>
        <Message>
            <ID>35001699</ID>
            <Severity>Info</Severity>
            <Dynamic>\MOD_READBUSMUX/PD_R__i5</Dynamic>
            <Dynamic>IFS1P3IX</Dynamic>
        </Message>
        <Message>
            <ID>35001699</ID>
            <Severity>Info</Severity>
            <Dynamic>\MOD_READBUSMUX/PD_R__i6</Dynamic>
            <Dynamic>IFS1P3IX</Dynamic>
        </Message>
        <Message>
            <ID>35001699</ID>
            <Severity>Info</Severity>
            <Dynamic>\MOD_READBUSMUX/PD_R__i7</Dynamic>
            <Dynamic>IFS1P3IX</Dynamic>
        </Message>
        <Message>
            <ID>35001699</ID>
            <Severity>Info</Severity>
            <Dynamic>\MOD_READBUSMUX/PD_R__i0</Dynamic>
            <Dynamic>IFS1P3IX</Dynamic>
        </Message>
        <Message>
            <ID>35001699</ID>
            <Severity>Info</Severity>
            <Dynamic>\MOD_REGISTER_SELECT/ADR_i2</Dynamic>
            <Dynamic>IFS1P3DX</Dynamic>
        </Message>
        <Message>
            <ID>1166052</ID>
            <Severity>Warning</Severity>
            <Dynamic>logical</Dynamic>
            <Dynamic>PALSEL1</Dynamic>
            <Navigation>PALSEL1</Navigation>
        </Message>
        <Message>
            <ID>1166064</ID>
            <Severity>Warning</Severity>
            <Dynamic>input</Dynamic>
            <Dynamic>PALSEL1</Dynamic>
        </Message>
        <Message>
            <ID>1163101</ID>
            <Severity>Warning</Severity>
            <Dynamic>2</Dynamic>
        </Message>
    </Task>
    <Task name="PAR">
        <Message>
            <ID>62061014</ID>
            <Severity>Warning</Severity>
            <Dynamic>MCLK_c</Dynamic>
        </Message>
    </Task>
    <Task name="Translate">
        <Message>
            <ID>1166052</ID>
            <Severity>Warning</Severity>
            <Dynamic>logical</Dynamic>
            <Dynamic>MOD_PALETTE/un1_bi_0_s_7_0_COUT</Dynamic>
            <Navigation>MOD_PALETTE/un1_bi_0_s_7_0_COUT</Navigation>
        </Message>
        <Message>
            <ID>1166052</ID>
            <Severity>Warning</Severity>
            <Dynamic>logical</Dynamic>
            <Dynamic>MOD_PALETTE/un1_bi_0_s_7_0_S1</Dynamic>
            <Navigation>MOD_PALETTE/un1_bi_0_s_7_0_S1</Navigation>
        </Message>
        <Message>
            <ID>1166052</ID>
            <Severity>Warning</Severity>
            <Dynamic>logical</Dynamic>
            <Dynamic>MOD_PALETTE/un1_bi_0_cry_0_0_S0</Dynamic>
            <Navigation>MOD_PALETTE/un1_bi_0_cry_0_0_S0</Navigation>
        </Message>
        <Message>
            <ID>1166052</ID>
            <Severity>Warning</Severity>
            <Dynamic>logical</Dynamic>
            <Dynamic>MOD_PALETTE/un1_bi_5_cry_6_0_COUT</Dynamic>
            <Navigation>MOD_PALETTE/un1_bi_5_cry_6_0_COUT</Navigation>
        </Message>
        <Message>
            <ID>1166052</ID>
            <Severity>Warning</Severity>
            <Dynamic>logical</Dynamic>
            <Dynamic>MOD_PALETTE/un1_bi_5_cry_1_0_S0</Dynamic>
            <Navigation>MOD_PALETTE/un1_bi_5_cry_1_0_S0</Navigation>
        </Message>
        <Message>
            <ID>1166052</ID>
            <Severity>Warning</Severity>
            <Dynamic>logical</Dynamic>
            <Dynamic>MOD_PALETTE/un1_bi_5_cry_1_0_S1</Dynamic>
            <Navigation>MOD_PALETTE/un1_bi_5_cry_1_0_S1</Navigation>
        </Message>
        <Message>
            <ID>1166052</ID>
            <Severity>Warning</Severity>
            <Dynamic>logical</Dynamic>
            <Dynamic>MOD_PALETTE/ro_10_s_7_0_COUT</Dynamic>
            <Navigation>MOD_PALETTE/ro_10_s_7_0_COUT</Navigation>
        </Message>
        <Message>
            <ID>1166052</ID>
            <Severity>Warning</Severity>
            <Dynamic>logical</Dynamic>
            <Dynamic>MOD_PALETTE/ro_10_s_7_0_S1</Dynamic>
            <Navigation>MOD_PALETTE/ro_10_s_7_0_S1</Navigation>
        </Message>
        <Message>
            <ID>1166052</ID>
            <Severity>Warning</Severity>
            <Dynamic>logical</Dynamic>
            <Dynamic>MOD_PALETTE/ro_10_cry_0_0_S0</Dynamic>
            <Navigation>MOD_PALETTE/ro_10_cry_0_0_S0</Navigation>
        </Message>
        <Message>
            <ID>1166052</ID>
            <Severity>Warning</Severity>
            <Dynamic>logical</Dynamic>
            <Dynamic>MOD_PALETTE/go_10_s_7_0_COUT</Dynamic>
            <Navigation>MOD_PALETTE/go_10_s_7_0_COUT</Navigation>
        </Message>
        <Message>
            <ID>1166052</ID>
            <Severity>Warning</Severity>
            <Dynamic>logical</Dynamic>
            <Dynamic>MOD_PALETTE/go_10_s_7_0_S1</Dynamic>
            <Navigation>MOD_PALETTE/go_10_s_7_0_S1</Navigation>
        </Message>
        <Message>
            <ID>1166052</ID>
            <Severity>Warning</Severity>
            <Dynamic>logical</Dynamic>
            <Dynamic>MOD_PALETTE/go_10_cry_0_0_S0</Dynamic>
            <Navigation>MOD_PALETTE/go_10_cry_0_0_S0</Navigation>
        </Message>
        <Message>
            <ID>1166052</ID>
            <Severity>Warning</Severity>
            <Dynamic>logical</Dynamic>
            <Dynamic>MOD_OBJ_EVAL/OVS_s_7_0_COUT</Dynamic>
            <Navigation>MOD_OBJ_EVAL/OVS_s_7_0_COUT</Navigation>
        </Message>
        <Message>
            <ID>1166052</ID>
            <Severity>Warning</Severity>
            <Dynamic>logical</Dynamic>
            <Dynamic>MOD_OBJ_EVAL/OVS_s_7_0_S1</Dynamic>
            <Navigation>MOD_OBJ_EVAL/OVS_s_7_0_S1</Navigation>
        </Message>
        <Message>
            <ID>1166052</ID>
            <Severity>Warning</Severity>
            <Dynamic>logical</Dynamic>
            <Dynamic>MOD_OBJ_EVAL/OVS_cry_0_0_S0</Dynamic>
            <Navigation>MOD_OBJ_EVAL/OVS_cry_0_0_S0</Navigation>
        </Message>
        <Message>
            <ID>1166052</ID>
            <Severity>Warning</Severity>
            <Dynamic>logical</Dynamic>
            <Dynamic>MOD_OBJ_EVAL/OVS_cry_0_0_S1</Dynamic>
            <Navigation>MOD_OBJ_EVAL/OVS_cry_0_0_S1</Navigation>
        </Message>
        <Message>
            <ID>1166052</ID>
            <Severity>Warning</Severity>
            <Dynamic>logical</Dynamic>
            <Dynamic>PALSEL1</Dynamic>
            <Navigation>PALSEL1</Navigation>
        </Message>
        <Message>
            <ID>1163101</ID>
            <Severity>Warning</Severity>
            <Dynamic>17</Dynamic>
        </Message>
    </Task>
    <Task name="Synplify_Synthesis">
        <Message>
            <ID>2011000</ID>
            <Severity>Info</Severity>
        </Message>
        <Message>
            <ID>2019991</ID>
            <Severity>Warning</Severity>
            <Dynamic>CL159 :&quot;D:\SRC\LAVA_PPU_LITE\RP2C02_LITE.v&quot;:1619:6:1619:10|Input nPCLK is unused</Dynamic>
            <Navigation>CL159</Navigation>
            <Navigation>D:\SRC\LAVA_PPU_LITE\RP2C02_LITE.v</Navigation>
            <Navigation>1619</Navigation>
            <Navigation>6</Navigation>
            <Navigation>1619</Navigation>
            <Navigation>10</Navigation>
            <Navigation>Input nPCLK is unused</Navigation>
        </Message>
        <Message>
            <ID>2019991</ID>
            <Severity>Warning</Severity>
            <Dynamic>CL159 :&quot;D:\SRC\LAVA_PPU_LITE\RP2C02_LITE.v&quot;:1630:6:1630:12|Input PALSEL1 is unused</Dynamic>
            <Navigation>CL159</Navigation>
            <Navigation>D:\SRC\LAVA_PPU_LITE\RP2C02_LITE.v</Navigation>
            <Navigation>1630</Navigation>
            <Navigation>6</Navigation>
            <Navigation>1630</Navigation>
            <Navigation>12</Navigation>
            <Navigation>Input PALSEL1 is unused</Navigation>
        </Message>
    </Task>
</BaliMessageLog>