<?xml version="1.0" encoding="utf-8"?> 
<!-- 
  Synopsys, Inc.
  Version J-2015.03L
  Project file D:\SRC\LAVA_PPU_LITE\basic\syntmp\run_option.xml
  Written on Fri Dec 12 13:51:32 2025


--> 
<project_attribute_list name="Project Settings"> 
     <option name="project_name" display_name="Project Name">proj_1</option>
     <option name="impl_name" display_name="Implementation Name">basic</option>
     <option name="top_module" display_name="Top Module">RP2C02_LITE</option>
     <option name="pipe" display_name="Pipelining">1</option>
     <option name="retiming" display_name="Retiming">0</option>
     <option name="resource_sharing" display_name="Resource Sharing">1</option>
     <option name="maxfan" display_name="Fanout Guide">2000</option>
     <option name="disable_io_insertion" display_name="Disable I/O Insertion">0</option>
     <option name="fix_gated_and_generated_clocks" display_name="Clock Conversion">1</option>
     <option name="symbolic_fsm_compiler" display_name="FSM Compiler">1</option>
</project_attribute_list>

